la catégorie,le type,le produit,le blabla,*id,commentaire,tri1
categorie 0,Type 01,produit 149,"Le bla bla sur le produit 149<hr />
<span style=""color:red;font-size:0.5em;"">En promotion à 50€ au lieu de 60€</span>
<br><br><div style=""text-align:center;"">Et voici une image de ce produit :-)</div>
<img style=""display:block;margin:10px auto;"" src=""https://www.google.fr/images/branding/googlelogo/1x/googlelogo_color_272x92dp.png"" alt=""C'est un très beau produit"" /><br >
La catégorie 0 n'a qu'un type et qu'un produit donc on l'affiche directement !<br>
<a href=""?la_catégorie=categorie%201&le_type=Type%2001&le_produit=produit%20103"">Voir aussi le produit 103</a>",149,la catégorie 0 n'a qu'un type et un produit,2
categorie 1,Type 01,produit 103,"Le bla bla sur le produit 103<br />
<a href=""?la_catégorie=categorie%200"">Voir aussi le produit 149</a>",103,la catégorie 1 a deux types et un seul produit par type,3
categorie 1,Type 02,produit 153,Le bla bla sur le produit 153,153,la catégorie 1 a deux types et un seul produit par type,4
categorie 2,Type 01,produit 136,Le bla bla sur le produit 136,136,toutes les autres catégories ont plein de types et plein de de produits,5
categorie 2,Type 01,produit 195,Le bla bla sur le produit 195,195,,6
categorie 2,Type 01,produit 38,Le bla bla sur le produit 38,38,,7
categorie 2,Type 01,produit 402,Le bla bla sur le produit 402,402,,8
categorie 2,Type 01,produit 588,Le bla bla sur le produit 588,588,,9
categorie 2,Type 01,produit 650,Le bla bla sur le produit 650,650,,10
categorie 2,Type 01,produit 667,Le bla bla sur le produit 667,667,,11
categorie 2,Type 01,produit 785,Le bla bla sur le produit 785,785,,12
categorie 2,Type 01,produit 980,Le bla bla sur le produit 980,980,,13
categorie 2,Type 02,produit 279,Le bla bla sur le produit 279,279,,24
categorie 2,Type 02,produit 332,Le bla bla sur le produit 332,332,,25
categorie 2,Type 02,produit 360,Le bla bla sur le produit 360,360,,26
categorie 2,Type 02,produit 390,Le bla bla sur le produit 390,390,,27
categorie 2,Type 02,produit 554,Le bla bla sur le produit 554,554,,28
categorie 2,Type 02,produit 8,Le bla bla sur le produit 8,8,,29
categorie 2,Type 02,produit 953,Le bla bla sur le produit 953,953,,30
categorie 2,Type 03,produit 117,Le bla bla sur le produit 117,117,,31
categorie 2,Type 03,produit 139,Le bla bla sur le produit 139,139,,32
categorie 2,Type 03,produit 16,Le bla bla sur le produit 16,16,,33
categorie 2,Type 03,produit 162,Le bla bla sur le produit 162,162,,34
categorie 2,Type 03,produit 245,Le bla bla sur le produit 245,245,,35
categorie 2,Type 03,produit 267,Le bla bla sur le produit 267,267,,36
categorie 2,Type 03,produit 296,Le bla bla sur le produit 296,296,,37
categorie 2,Type 03,produit 309,Le bla bla sur le produit 309,309,,38
categorie 2,Type 03,produit 378,Le bla bla sur le produit 378,378,,39
categorie 2,Type 03,produit 415,Le bla bla sur le produit 415,415,,40
categorie 2,Type 03,produit 496,Le bla bla sur le produit 496,496,,41
categorie 2,Type 03,produit 517,Le bla bla sur le produit 517,517,,42
categorie 2,Type 03,produit 607,Le bla bla sur le produit 607,607,,43
categorie 2,Type 03,produit 668,Le bla bla sur le produit 668,668,,44
categorie 2,Type 03,produit 711,Le bla bla sur le produit 711,711,,45
categorie 2,Type 03,produit 917,Le bla bla sur le produit 917,917,,46
categorie 2,Type 04,produit 201,Le bla bla sur le produit 201,201,,47
categorie 2,Type 04,produit 765,Le bla bla sur le produit 765,765,,48
categorie 2,Type 04,produit 924,Le bla bla sur le produit 924,924,,49
categorie 2,Type 04,produit 969,Le bla bla sur le produit 969,969,,50
categorie 2,Type 05,produit 209,Le bla bla sur le produit 209,209,,51
categorie 2,Type 05,produit 230,Le bla bla sur le produit 230,230,,52
categorie 2,Type 05,produit 240,Le bla bla sur le produit 240,240,,53
categorie 2,Type 05,produit 354,Le bla bla sur le produit 354,354,,54
categorie 2,Type 05,produit 371,Le bla bla sur le produit 371,371,,55
categorie 2,Type 05,produit 377,Le bla bla sur le produit 377,377,,56
categorie 2,Type 05,produit 740,Le bla bla sur le produit 740,740,,57
categorie 2,Type 05,produit 805,Le bla bla sur le produit 805,805,,58
categorie 2,Type 05,produit 932,Le bla bla sur le produit 932,932,,59
categorie 2,Type 05,produit 989,Le bla bla sur le produit 989,989,,60
categorie 2,Type 06,produit 35,Le bla bla sur le produit 35,35,,61
categorie 2,Type 06,produit 485,Le bla bla sur le produit 485,485,,62
categorie 2,Type 06,produit 572,Le bla bla sur le produit 572,572,,63
categorie 2,Type 06,produit 616,Le bla bla sur le produit 616,616,,64
categorie 2,Type 06,produit 629,Le bla bla sur le produit 629,629,,65
categorie 2,Type 06,produit 693,Le bla bla sur le produit 693,693,,66
categorie 2,Type 06,produit 700,Le bla bla sur le produit 700,700,,67
categorie 2,Type 06,produit 705,Le bla bla sur le produit 705,705,,68
categorie 2,Type 06,produit 92,Le bla bla sur le produit 92,92,,69
categorie 2,Type 07,produit 192,Le bla bla sur le produit 192,192,,70
categorie 2,Type 07,produit 23,Le bla bla sur le produit 23,23,,71
categorie 2,Type 07,produit 27,Le bla bla sur le produit 27,27,,72
categorie 2,Type 07,produit 411,Le bla bla sur le produit 411,411,,73
categorie 2,Type 08,produit 250,Le bla bla sur le produit 250,250,,74
categorie 2,Type 08,produit 529,Le bla bla sur le produit 529,529,,75
categorie 2,Type 08,produit 615,Le bla bla sur le produit 615,615,,76
categorie 2,Type 08,produit 717,Le bla bla sur le produit 717,717,,77
categorie 2,Type 08,produit 767,Le bla bla sur le produit 767,767,,78
categorie 2,Type 08,produit 892,Le bla bla sur le produit 892,892,,79
categorie 2,Type 08,produit 907,Le bla bla sur le produit 907,907,,80
categorie 2,Type 09,produit 166,Le bla bla sur le produit 166,166,,81
categorie 2,Type 09,produit 358,Le bla bla sur le produit 358,358,,82
categorie 2,Type 09,produit 459,Le bla bla sur le produit 459,459,,83
categorie 2,Type 09,produit 606,Le bla bla sur le produit 606,606,,84
categorie 2,Type 09,produit 768,Le bla bla sur le produit 768,768,,85
categorie 2,Type 09,produit 79,Le bla bla sur le produit 79,79,,86
categorie 2,Type 09,produit 936,Le bla bla sur le produit 936,936,,87
categorie 2,Type 09,produit 975,Le bla bla sur le produit 975,975,,88
categorie 3,Type 01,produit 210,Le bla bla sur le produit 210,210,,89
categorie 3,Type 01,produit 295,Le bla bla sur le produit 295,295,,90
categorie 3,Type 01,produit 3,Le bla bla sur le produit 3,3,,91
categorie 3,Type 01,produit 340,Le bla bla sur le produit 340,340,,92
categorie 3,Type 01,produit 341,Le bla bla sur le produit 341,341,,93
categorie 3,Type 01,produit 429,Le bla bla sur le produit 429,429,,94
categorie 3,Type 01,produit 553,Le bla bla sur le produit 553,553,,95
categorie 3,Type 01,produit 592,Le bla bla sur le produit 592,592,,96
categorie 3,Type 01,produit 714,Le bla bla sur le produit 714,714,,97
categorie 3,Type 01,produit 813,Le bla bla sur le produit 813,813,,98
categorie 3,Type 01,produit 973,Le bla bla sur le produit 973,973,,99
categorie 3,Type 02,produit 276,Le bla bla sur le produit 276,276,,111
categorie 3,Type 02,produit 292,Le bla bla sur le produit 292,292,,112
categorie 3,Type 02,produit 318,Le bla bla sur le produit 318,318,,113
categorie 3,Type 02,produit 37,Le bla bla sur le produit 37,37,,114
categorie 3,Type 02,produit 432,Le bla bla sur le produit 432,432,,115
categorie 3,Type 02,produit 544,Le bla bla sur le produit 544,544,,116
categorie 3,Type 02,produit 621,Le bla bla sur le produit 621,621,,117
categorie 3,Type 02,produit 692,Le bla bla sur le produit 692,692,,118
categorie 3,Type 02,produit 78,Le bla bla sur le produit 78,78,,119
categorie 3,Type 02,produit 848,Le bla bla sur le produit 848,848,,120
categorie 3,Type 02,produit 872,Le bla bla sur le produit 872,872,,121
categorie 3,Type 02,produit 962,Le bla bla sur le produit 962,962,,122
categorie 3,Type 03,produit 251,Le bla bla sur le produit 251,251,,123
categorie 3,Type 03,produit 604,Le bla bla sur le produit 604,604,,124
categorie 3,Type 03,produit 63,Le bla bla sur le produit 63,63,,125
categorie 3,Type 03,produit 655,Le bla bla sur le produit 655,655,,126
categorie 3,Type 03,produit 817,Le bla bla sur le produit 817,817,,127
categorie 3,Type 03,produit 820,Le bla bla sur le produit 820,820,,128
categorie 3,Type 03,produit 874,Le bla bla sur le produit 874,874,,129
categorie 3,Type 03,produit 965,Le bla bla sur le produit 965,965,,130
categorie 3,Type 04,produit 107,Le bla bla sur le produit 107,107,,131
categorie 3,Type 04,produit 113,Le bla bla sur le produit 113,113,,132
categorie 3,Type 04,produit 124,Le bla bla sur le produit 124,124,,133
categorie 3,Type 04,produit 200,Le bla bla sur le produit 200,200,,134
categorie 3,Type 04,produit 320,Le bla bla sur le produit 320,320,,135
categorie 3,Type 04,produit 344,Le bla bla sur le produit 344,344,,136
categorie 3,Type 04,produit 400,Le bla bla sur le produit 400,400,,137
categorie 3,Type 04,produit 480,Le bla bla sur le produit 480,480,,138
categorie 3,Type 04,produit 490,Le bla bla sur le produit 490,490,,139
categorie 3,Type 04,produit 596,Le bla bla sur le produit 596,596,,140
categorie 3,Type 04,produit 608,Le bla bla sur le produit 608,608,,141
categorie 3,Type 04,produit 887,Le bla bla sur le produit 887,887,,142
categorie 3,Type 04,produit 904,Le bla bla sur le produit 904,904,,143
categorie 3,Type 04,produit 961,Le bla bla sur le produit 961,961,,144
categorie 3,Type 05,produit 146,Le bla bla sur le produit 146,146,,145
categorie 3,Type 05,produit 160,Le bla bla sur le produit 160,160,,146
categorie 3,Type 05,produit 584,Le bla bla sur le produit 584,584,,147
categorie 3,Type 05,produit 735,Le bla bla sur le produit 735,735,,148
categorie 3,Type 05,produit 755,Le bla bla sur le produit 755,755,,149
categorie 3,Type 05,produit 777,Le bla bla sur le produit 777,777,,150
categorie 3,Type 05,produit 819,Le bla bla sur le produit 819,819,,151
categorie 3,Type 05,produit 943,Le bla bla sur le produit 943,943,,152
categorie 3,Type 06,produit 181,Le bla bla sur le produit 181,181,,153
categorie 3,Type 06,produit 194,Le bla bla sur le produit 194,194,,154
categorie 3,Type 06,produit 289,Le bla bla sur le produit 289,289,,155
categorie 3,Type 06,produit 379,Le bla bla sur le produit 379,379,,156
categorie 3,Type 06,produit 386,Le bla bla sur le produit 386,386,,157
categorie 3,Type 06,produit 452,Le bla bla sur le produit 452,452,,158
categorie 3,Type 06,produit 470,Le bla bla sur le produit 470,470,,159
categorie 3,Type 06,produit 486,Le bla bla sur le produit 486,486,,160
categorie 3,Type 06,produit 87,Le bla bla sur le produit 87,87,,161
categorie 3,Type 06,produit 927,Le bla bla sur le produit 927,927,,162
categorie 3,Type 07,produit 131,Le bla bla sur le produit 131,131,,163
categorie 3,Type 07,produit 268,Le bla bla sur le produit 268,268,,164
categorie 3,Type 07,produit 381,Le bla bla sur le produit 381,381,,165
categorie 3,Type 07,produit 513,Le bla bla sur le produit 513,513,,166
categorie 3,Type 07,produit 729,Le bla bla sur le produit 729,729,,167
categorie 3,Type 07,produit 827,Le bla bla sur le produit 827,827,,168
categorie 3,Type 07,produit 869,Le bla bla sur le produit 869,869,,169
categorie 3,Type 07,produit 987,Le bla bla sur le produit 987,987,,170
categorie 3,Type 07,produit 990,Le bla bla sur le produit 990,990,,171
categorie 3,Type 08,produit 130,Le bla bla sur le produit 130,130,,172
categorie 3,Type 08,produit 175,Le bla bla sur le produit 175,175,,173
categorie 3,Type 08,produit 21,Le bla bla sur le produit 21,21,,174
categorie 3,Type 08,produit 226,Le bla bla sur le produit 226,226,,175
categorie 3,Type 08,produit 227,Le bla bla sur le produit 227,227,,176
categorie 3,Type 08,produit 25,Le bla bla sur le produit 25,25,,177
categorie 3,Type 08,produit 291,Le bla bla sur le produit 291,291,,178
categorie 3,Type 08,produit 472,Le bla bla sur le produit 472,472,,179
categorie 3,Type 08,produit 516,Le bla bla sur le produit 516,516,,180
categorie 3,Type 08,produit 720,Le bla bla sur le produit 720,720,,181
categorie 3,Type 08,produit 882,Le bla bla sur le produit 882,882,,182
categorie 3,Type 08,produit 93,Le bla bla sur le produit 93,93,,183
categorie 3,Type 08,produit 94,Le bla bla sur le produit 94,94,,184
categorie 3,Type 09,produit 223,Le bla bla sur le produit 223,223,,185
categorie 3,Type 09,produit 300,Le bla bla sur le produit 300,300,,186
categorie 3,Type 09,produit 317,Le bla bla sur le produit 317,317,,187
categorie 3,Type 09,produit 342,Le bla bla sur le produit 342,342,,188
categorie 3,Type 09,produit 511,Le bla bla sur le produit 511,511,,189
categorie 3,Type 09,produit 752,Le bla bla sur le produit 752,752,,190
categorie 3,Type 09,produit 930,Le bla bla sur le produit 930,930,,191
categorie 4,Type 01,produit 22,Le bla bla sur le produit 22,22,,192
categorie 4,Type 01,produit 261,Le bla bla sur le produit 261,261,,193
categorie 4,Type 01,produit 474,Le bla bla sur le produit 474,474,,194
categorie 4,Type 01,produit 545,Le bla bla sur le produit 545,545,,195
categorie 4,Type 01,produit 680,Le bla bla sur le produit 680,680,,196
categorie 4,Type 01,produit 736,Le bla bla sur le produit 736,736,,197
categorie 4,Type 01,produit 769,Le bla bla sur le produit 769,769,,198
categorie 4,Type 01,produit 796,Le bla bla sur le produit 796,796,,199
categorie 4,Type 01,produit 810,Le bla bla sur le produit 810,810,,200
categorie 4,Type 02,produit 126,Le bla bla sur le produit 126,126,,208
categorie 4,Type 02,produit 2,Le bla bla sur le produit 2,2,,209
categorie 4,Type 02,produit 236,Le bla bla sur le produit 236,236,,210
categorie 4,Type 02,produit 471,Le bla bla sur le produit 471,471,,211
categorie 4,Type 02,produit 512,Le bla bla sur le produit 512,512,,212
categorie 4,Type 02,produit 662,Le bla bla sur le produit 662,662,,213
categorie 4,Type 02,produit 674,Le bla bla sur le produit 674,674,,214
categorie 4,Type 02,produit 724,Le bla bla sur le produit 724,724,,215
categorie 4,Type 02,produit 913,Le bla bla sur le produit 913,913,,216
categorie 4,Type 02,produit 960,Le bla bla sur le produit 960,960,,217
categorie 4,Type 03,produit 102,Le bla bla sur le produit 102,102,,218
categorie 4,Type 03,produit 125,Le bla bla sur le produit 125,125,,219
categorie 4,Type 03,produit 313,Le bla bla sur le produit 313,313,,220
categorie 4,Type 03,produit 445,Le bla bla sur le produit 445,445,,221
categorie 4,Type 03,produit 46,Le bla bla sur le produit 46,46,,222
categorie 4,Type 03,produit 488,Le bla bla sur le produit 488,488,,223
categorie 4,Type 03,produit 514,Le bla bla sur le produit 514,514,,224
categorie 4,Type 03,produit 601,Le bla bla sur le produit 601,601,,225
categorie 4,Type 03,produit 663,Le bla bla sur le produit 663,663,,226
categorie 4,Type 03,produit 679,Le bla bla sur le produit 679,679,,227
categorie 4,Type 03,produit 771,Le bla bla sur le produit 771,771,,228
categorie 4,Type 03,produit 780,Le bla bla sur le produit 780,780,,229
categorie 4,Type 04,produit 109,Le bla bla sur le produit 109,109,,230
categorie 4,Type 04,produit 26,Le bla bla sur le produit 26,26,,231
categorie 4,Type 04,produit 394,Le bla bla sur le produit 394,394,,232
categorie 4,Type 04,produit 526,Le bla bla sur le produit 526,526,,233
categorie 4,Type 04,produit 559,Le bla bla sur le produit 559,559,,234
categorie 4,Type 04,produit 633,Le bla bla sur le produit 633,633,,235
categorie 4,Type 05,produit 326,Le bla bla sur le produit 326,326,,236
categorie 4,Type 05,produit 374,Le bla bla sur le produit 374,374,,237
categorie 4,Type 05,produit 479,Le bla bla sur le produit 479,479,,238
categorie 4,Type 05,produit 552,Le bla bla sur le produit 552,552,,239
categorie 4,Type 05,produit 630,Le bla bla sur le produit 630,630,,240
categorie 4,Type 05,produit 656,Le bla bla sur le produit 656,656,,241
categorie 4,Type 05,produit 658,Le bla bla sur le produit 658,658,,242
categorie 4,Type 05,produit 698,Le bla bla sur le produit 698,698,,243
categorie 4,Type 05,produit 744,Le bla bla sur le produit 744,744,,244
categorie 4,Type 05,produit 763,Le bla bla sur le produit 763,763,,245
categorie 4,Type 05,produit 910,Le bla bla sur le produit 910,910,,246
categorie 4,Type 06,produit 155,Le bla bla sur le produit 155,155,,247
categorie 4,Type 06,produit 242,Le bla bla sur le produit 242,242,,248
categorie 4,Type 06,produit 266,Le bla bla sur le produit 266,266,,249
categorie 4,Type 06,produit 303,Le bla bla sur le produit 303,303,,250
categorie 4,Type 06,produit 561,Le bla bla sur le produit 561,561,,251
categorie 4,Type 06,produit 590,Le bla bla sur le produit 590,590,,252
categorie 4,Type 06,produit 665,Le bla bla sur le produit 665,665,,253
categorie 4,Type 06,produit 722,Le bla bla sur le produit 722,722,,254
categorie 4,Type 06,produit 75,Le bla bla sur le produit 75,75,,255
categorie 4,Type 06,produit 816,Le bla bla sur le produit 816,816,,256
categorie 4,Type 06,produit 867,Le bla bla sur le produit 867,867,,257
categorie 4,Type 06,produit 898,Le bla bla sur le produit 898,898,,258
categorie 4,Type 06,produit 949,Le bla bla sur le produit 949,949,,259
categorie 4,Type 07,produit 212,Le bla bla sur le produit 212,212,,260
categorie 4,Type 07,produit 282,Le bla bla sur le produit 282,282,,261
categorie 4,Type 07,produit 409,Le bla bla sur le produit 409,409,,262
categorie 4,Type 07,produit 45,Le bla bla sur le produit 45,45,,263
categorie 4,Type 07,produit 569,Le bla bla sur le produit 569,569,,264
categorie 4,Type 07,produit 795,Le bla bla sur le produit 795,795,,265
categorie 4,Type 07,produit 875,Le bla bla sur le produit 875,875,,266
categorie 4,Type 07,produit 945,Le bla bla sur le produit 945,945,,267
categorie 4,Type 07,produit 956,Le bla bla sur le produit 956,956,,268
categorie 4,Type 08,produit 202,Le bla bla sur le produit 202,202,,269
categorie 4,Type 08,produit 207,Le bla bla sur le produit 207,207,,270
categorie 4,Type 08,produit 28,Le bla bla sur le produit 28,28,,271
categorie 4,Type 08,produit 346,Le bla bla sur le produit 346,346,,272
categorie 4,Type 08,produit 562,Le bla bla sur le produit 562,562,,273
categorie 4,Type 08,produit 702,Le bla bla sur le produit 702,702,,274
categorie 4,Type 08,produit 750,Le bla bla sur le produit 750,750,,275
categorie 4,Type 08,produit 996,Le bla bla sur le produit 996,996,,276
categorie 4,Type 09,produit 222,Le bla bla sur le produit 222,222,,277
categorie 4,Type 09,produit 247,Le bla bla sur le produit 247,247,,278
categorie 4,Type 09,produit 275,Le bla bla sur le produit 275,275,,279
categorie 4,Type 09,produit 329,Le bla bla sur le produit 329,329,,280
categorie 4,Type 09,produit 418,Le bla bla sur le produit 418,418,,281
categorie 4,Type 09,produit 48,Le bla bla sur le produit 48,48,,282
categorie 4,Type 09,produit 535,Le bla bla sur le produit 535,535,,283
categorie 4,Type 09,produit 566,Le bla bla sur le produit 566,566,,284
categorie 4,Type 09,produit 568,Le bla bla sur le produit 568,568,,285
categorie 4,Type 09,produit 916,Le bla bla sur le produit 916,916,,286
categorie 5,Type 01,produit 174,Le bla bla sur le produit 174,174,,287
categorie 5,Type 01,produit 285,Le bla bla sur le produit 285,285,,288
categorie 5,Type 01,produit 294,Le bla bla sur le produit 294,294,,289
categorie 5,Type 01,produit 322,Le bla bla sur le produit 322,322,,290
categorie 5,Type 01,produit 33,Le bla bla sur le produit 33,33,,291
categorie 5,Type 01,produit 391,Le bla bla sur le produit 391,391,,292
categorie 5,Type 01,produit 481,Le bla bla sur le produit 481,481,,293
categorie 5,Type 01,produit 686,Le bla bla sur le produit 686,686,,294
categorie 5,Type 01,produit 710,Le bla bla sur le produit 710,710,,295
categorie 5,Type 01,produit 912,Le bla bla sur le produit 912,912,,296
categorie 5,Type 01,produit 931,Le bla bla sur le produit 931,931,,297
categorie 5,Type 01,produit 970,Le bla bla sur le produit 970,970,,298
categorie 5,Type 02,produit 100,Le bla bla sur le produit 100,100,,311
categorie 5,Type 02,produit 111,Le bla bla sur le produit 111,111,,312
categorie 5,Type 02,produit 129,Le bla bla sur le produit 129,129,,313
categorie 5,Type 02,produit 145,Le bla bla sur le produit 145,145,,314
categorie 5,Type 02,produit 198,Le bla bla sur le produit 198,198,,315
categorie 5,Type 02,produit 231,Le bla bla sur le produit 231,231,,316
categorie 5,Type 02,produit 277,Le bla bla sur le produit 277,277,,317
categorie 5,Type 02,produit 441,Le bla bla sur le produit 441,441,,318
categorie 5,Type 02,produit 489,Le bla bla sur le produit 489,489,,319
categorie 5,Type 02,produit 747,Le bla bla sur le produit 747,747,,320
categorie 5,Type 02,produit 919,Le bla bla sur le produit 919,919,,321
categorie 5,Type 02,produit 976,Le bla bla sur le produit 976,976,,322
categorie 5,Type 03,produit 206,Le bla bla sur le produit 206,206,,323
categorie 5,Type 03,produit 262,Le bla bla sur le produit 262,262,,324
categorie 5,Type 03,produit 697,Le bla bla sur le produit 697,697,,325
categorie 5,Type 03,produit 793,Le bla bla sur le produit 793,793,,326
categorie 5,Type 03,produit 822,Le bla bla sur le produit 822,822,,327
categorie 5,Type 03,produit 88,Le bla bla sur le produit 88,88,,328
categorie 5,Type 03,produit 964,Le bla bla sur le produit 964,964,,329
categorie 5,Type 04,produit 189,Le bla bla sur le produit 189,189,,330
categorie 5,Type 04,produit 234,Le bla bla sur le produit 234,234,,331
categorie 5,Type 04,produit 337,Le bla bla sur le produit 337,337,,332
categorie 5,Type 04,produit 431,Le bla bla sur le produit 431,431,,333
categorie 5,Type 04,produit 475,Le bla bla sur le produit 475,475,,334
categorie 5,Type 04,produit 498,Le bla bla sur le produit 498,498,,335
categorie 5,Type 04,produit 651,Le bla bla sur le produit 651,651,,336
categorie 5,Type 04,produit 776,Le bla bla sur le produit 776,776,,337
categorie 5,Type 04,produit 99,Le bla bla sur le produit 99,99,,338
categorie 5,Type 05,produit 112,Le bla bla sur le produit 112,112,,339
categorie 5,Type 05,produit 368,Le bla bla sur le produit 368,368,,340
categorie 5,Type 05,produit 398,Le bla bla sur le produit 398,398,,341
categorie 5,Type 05,produit 417,Le bla bla sur le produit 417,417,,342
categorie 5,Type 05,produit 458,Le bla bla sur le produit 458,458,,343
categorie 5,Type 05,produit 47,Le bla bla sur le produit 47,47,,344
categorie 5,Type 05,produit 51,Le bla bla sur le produit 51,51,,345
categorie 5,Type 05,produit 525,Le bla bla sur le produit 525,525,,346
categorie 5,Type 05,produit 533,Le bla bla sur le produit 533,533,,347
categorie 5,Type 05,produit 643,Le bla bla sur le produit 643,643,,348
categorie 5,Type 05,produit 704,Le bla bla sur le produit 704,704,,349
categorie 5,Type 05,produit 91,Le bla bla sur le produit 91,91,,350
categorie 5,Type 05,produit 994,Le bla bla sur le produit 994,994,,351
categorie 5,Type 06,produit 137,Le bla bla sur le produit 137,137,,352
categorie 5,Type 06,produit 191,Le bla bla sur le produit 191,191,,353
categorie 5,Type 06,produit 248,Le bla bla sur le produit 248,248,,354
categorie 5,Type 06,produit 269,Le bla bla sur le produit 269,269,,355
categorie 5,Type 06,produit 384,Le bla bla sur le produit 384,384,,356
categorie 5,Type 06,produit 506,Le bla bla sur le produit 506,506,,357
categorie 5,Type 06,produit 530,Le bla bla sur le produit 530,530,,358
categorie 5,Type 06,produit 543,Le bla bla sur le produit 543,543,,359
categorie 5,Type 06,produit 549,Le bla bla sur le produit 549,549,,360
categorie 5,Type 06,produit 551,Le bla bla sur le produit 551,551,,361
categorie 5,Type 06,produit 563,Le bla bla sur le produit 563,563,,362
categorie 5,Type 06,produit 58,Le bla bla sur le produit 58,58,,363
categorie 5,Type 06,produit 741,Le bla bla sur le produit 741,741,,364
categorie 5,Type 06,produit 783,Le bla bla sur le produit 783,783,,365
categorie 5,Type 06,produit 787,Le bla bla sur le produit 787,787,,366
categorie 5,Type 06,produit 788,Le bla bla sur le produit 788,788,,367
categorie 5,Type 06,produit 791,Le bla bla sur le produit 791,791,,368
categorie 5,Type 07,produit 110,Le bla bla sur le produit 110,110,,369
categorie 5,Type 07,produit 225,Le bla bla sur le produit 225,225,,370
categorie 5,Type 07,produit 304,Le bla bla sur le produit 304,304,,371
categorie 5,Type 07,produit 364,Le bla bla sur le produit 364,364,,372
categorie 5,Type 07,produit 454,Le bla bla sur le produit 454,454,,373
categorie 5,Type 07,produit 560,Le bla bla sur le produit 560,560,,374
categorie 5,Type 07,produit 578,Le bla bla sur le produit 578,578,,375
categorie 5,Type 07,produit 582,Le bla bla sur le produit 582,582,,376
categorie 5,Type 07,produit 641,Le bla bla sur le produit 641,641,,377
categorie 5,Type 07,produit 837,Le bla bla sur le produit 837,837,,378
categorie 5,Type 08,produit 101,Le bla bla sur le produit 101,101,,379
categorie 5,Type 08,produit 120,Le bla bla sur le produit 120,120,,380
categorie 5,Type 08,produit 19,Le bla bla sur le produit 19,19,,381
categorie 5,Type 08,produit 193,Le bla bla sur le produit 193,193,,382
categorie 5,Type 08,produit 271,Le bla bla sur le produit 271,271,,383
categorie 5,Type 08,produit 396,Le bla bla sur le produit 396,396,,384
categorie 5,Type 08,produit 397,Le bla bla sur le produit 397,397,,385
categorie 5,Type 08,produit 467,Le bla bla sur le produit 467,467,,386
categorie 5,Type 08,produit 646,Le bla bla sur le produit 646,646,,387
categorie 5,Type 08,produit 648,Le bla bla sur le produit 648,648,,388
categorie 5,Type 08,produit 709,Le bla bla sur le produit 709,709,,389
categorie 5,Type 08,produit 71,Le bla bla sur le produit 71,71,,390
categorie 5,Type 08,produit 801,Le bla bla sur le produit 801,801,,391
categorie 5,Type 08,produit 803,Le bla bla sur le produit 803,803,,392
categorie 5,Type 09,produit 127,Le bla bla sur le produit 127,127,,393
categorie 5,Type 09,produit 13,Le bla bla sur le produit 13,13,,394
categorie 5,Type 09,produit 18,Le bla bla sur le produit 18,18,,395
categorie 5,Type 09,produit 330,Le bla bla sur le produit 330,330,,396
categorie 5,Type 09,produit 462,Le bla bla sur le produit 462,462,,397
categorie 5,Type 09,produit 908,Le bla bla sur le produit 908,908,,398
categorie 5,Type 09,produit 929,Le bla bla sur le produit 929,929,,399
categorie 5,Type 09,produit 948,Le bla bla sur le produit 948,948,,400
categorie 5,Type 09,produit 950,Le bla bla sur le produit 950,950,,401
categorie 5,Type 09,produit 997,Le bla bla sur le produit 997,997,,402
categorie 6,Type 01,produit 219,Le bla bla sur le produit 219,219,,403
categorie 6,Type 01,produit 40,Le bla bla sur le produit 40,40,,404
categorie 6,Type 01,produit 493,Le bla bla sur le produit 493,493,,405
categorie 6,Type 01,produit 505,Le bla bla sur le produit 505,505,,406
categorie 6,Type 01,produit 840,Le bla bla sur le produit 840,840,,407
categorie 6,Type 01,produit 865,Le bla bla sur le produit 865,865,,408
categorie 6,Type 01,produit 966,Le bla bla sur le produit 966,966,,409
categorie 6,Type 02,produit 135,Le bla bla sur le produit 135,135,,423
categorie 6,Type 02,produit 142,Le bla bla sur le produit 142,142,,424
categorie 6,Type 02,produit 182,Le bla bla sur le produit 182,182,,425
categorie 6,Type 02,produit 363,Le bla bla sur le produit 363,363,,426
categorie 6,Type 02,produit 434,Le bla bla sur le produit 434,434,,427
categorie 6,Type 02,produit 519,Le bla bla sur le produit 519,519,,428
categorie 6,Type 02,produit 660,Le bla bla sur le produit 660,660,,429
categorie 6,Type 02,produit 739,Le bla bla sur le produit 739,739,,430
categorie 6,Type 02,produit 9,Le bla bla sur le produit 9,9,,431
categorie 6,Type 03,produit 104,Le bla bla sur le produit 104,104,,432
categorie 6,Type 03,produit 172,Le bla bla sur le produit 172,172,,433
categorie 6,Type 03,produit 321,Le bla bla sur le produit 321,321,,434
categorie 6,Type 03,produit 577,Le bla bla sur le produit 577,577,,435
categorie 6,Type 03,produit 591,Le bla bla sur le produit 591,591,,436
categorie 6,Type 03,produit 602,Le bla bla sur le produit 602,602,,437
categorie 6,Type 03,produit 623,Le bla bla sur le produit 623,623,,438
categorie 6,Type 03,produit 766,Le bla bla sur le produit 766,766,,439
categorie 6,Type 03,produit 799,Le bla bla sur le produit 799,799,,440
categorie 6,Type 03,produit 849,Le bla bla sur le produit 849,849,,441
categorie 6,Type 03,produit 895,Le bla bla sur le produit 895,895,,442
categorie 6,Type 04,produit 132,Le bla bla sur le produit 132,132,,443
categorie 6,Type 04,produit 141,Le bla bla sur le produit 141,141,,444
categorie 6,Type 04,produit 143,Le bla bla sur le produit 143,143,,445
categorie 6,Type 04,produit 173,Le bla bla sur le produit 173,173,,446
categorie 6,Type 04,produit 263,Le bla bla sur le produit 263,263,,447
categorie 6,Type 04,produit 315,Le bla bla sur le produit 315,315,,448
categorie 6,Type 04,produit 343,Le bla bla sur le produit 343,343,,449
categorie 6,Type 04,produit 65,Le bla bla sur le produit 65,65,,450
categorie 6,Type 04,produit 652,Le bla bla sur le produit 652,652,,451
categorie 6,Type 04,produit 721,Le bla bla sur le produit 721,721,,452
categorie 6,Type 04,produit 864,Le bla bla sur le produit 864,864,,453
categorie 6,Type 04,produit 934,Le bla bla sur le produit 934,934,,454
categorie 6,Type 04,produit 96,Le bla bla sur le produit 96,96,,455
categorie 6,Type 04,produit 967,Le bla bla sur le produit 967,967,,456
categorie 6,Type 05,produit 177,Le bla bla sur le produit 177,177,,457
categorie 6,Type 05,produit 204,Le bla bla sur le produit 204,204,,458
categorie 6,Type 05,produit 376,Le bla bla sur le produit 376,376,,459
categorie 6,Type 05,produit 455,Le bla bla sur le produit 455,455,,460
categorie 6,Type 05,produit 463,Le bla bla sur le produit 463,463,,461
categorie 6,Type 05,produit 639,Le bla bla sur le produit 639,639,,462
categorie 6,Type 05,produit 64,Le bla bla sur le produit 64,64,,463
categorie 6,Type 05,produit 690,Le bla bla sur le produit 690,690,,464
categorie 6,Type 05,produit 715,Le bla bla sur le produit 715,715,,465
categorie 6,Type 05,produit 806,Le bla bla sur le produit 806,806,,466
categorie 6,Type 05,produit 974,Le bla bla sur le produit 974,974,,467
categorie 6,Type 06,produit 148,Le bla bla sur le produit 148,148,,468
categorie 6,Type 06,produit 170,Le bla bla sur le produit 170,170,,469
categorie 6,Type 06,produit 246,Le bla bla sur le produit 246,246,,470
categorie 6,Type 06,produit 528,Le bla bla sur le produit 528,528,,471
categorie 6,Type 06,produit 632,Le bla bla sur le produit 632,632,,472
categorie 6,Type 06,produit 664,Le bla bla sur le produit 664,664,,473
categorie 6,Type 06,produit 839,Le bla bla sur le produit 839,839,,474
categorie 6,Type 06,produit 850,Le bla bla sur le produit 850,850,,475
categorie 6,Type 06,produit 863,Le bla bla sur le produit 863,863,,476
categorie 6,Type 06,produit 939,Le bla bla sur le produit 939,939,,477
categorie 6,Type 07,produit 272,Le bla bla sur le produit 272,272,,478
categorie 6,Type 07,produit 388,Le bla bla sur le produit 388,388,,479
categorie 6,Type 07,produit 39,Le bla bla sur le produit 39,39,,480
categorie 6,Type 07,produit 446,Le bla bla sur le produit 446,446,,481
categorie 6,Type 07,produit 507,Le bla bla sur le produit 507,507,,482
categorie 6,Type 07,produit 52,Le bla bla sur le produit 52,52,,483
categorie 6,Type 07,produit 70,Le bla bla sur le produit 70,70,,484
categorie 6,Type 07,produit 723,Le bla bla sur le produit 723,723,,485
categorie 6,Type 07,produit 790,Le bla bla sur le produit 790,790,,486
categorie 6,Type 08,produit 280,Le bla bla sur le produit 280,280,,487
categorie 6,Type 08,produit 298,Le bla bla sur le produit 298,298,,488
categorie 6,Type 08,produit 407,Le bla bla sur le produit 407,407,,489
categorie 6,Type 08,produit 421,Le bla bla sur le produit 421,421,,490
categorie 6,Type 08,produit 478,Le bla bla sur le produit 478,478,,491
categorie 6,Type 08,produit 59,Le bla bla sur le produit 59,59,,492
categorie 6,Type 08,produit 687,Le bla bla sur le produit 687,687,,493
categorie 6,Type 08,produit 706,Le bla bla sur le produit 706,706,,494
categorie 6,Type 08,produit 733,Le bla bla sur le produit 733,733,,495
categorie 6,Type 08,produit 743,Le bla bla sur le produit 743,743,,496
categorie 6,Type 08,produit 902,Le bla bla sur le produit 902,902,,497
categorie 6,Type 09,produit 214,Le bla bla sur le produit 214,214,,498
categorie 6,Type 09,produit 221,Le bla bla sur le produit 221,221,,499
categorie 6,Type 09,produit 338,Le bla bla sur le produit 338,338,,500
categorie 6,Type 09,produit 349,Le bla bla sur le produit 349,349,,501
categorie 6,Type 09,produit 537,Le bla bla sur le produit 537,537,,502
categorie 6,Type 09,produit 62,Le bla bla sur le produit 62,62,,503
categorie 6,Type 09,produit 684,Le bla bla sur le produit 684,684,,504
categorie 6,Type 09,produit 941,Le bla bla sur le produit 941,941,,505
categorie 6,Type 09,produit 951,Le bla bla sur le produit 951,951,,506
categorie 6,Type 09,produit 959,Le bla bla sur le produit 959,959,,507
categorie 7,Type 01,produit 241,Le bla bla sur le produit 241,241,,508
categorie 7,Type 01,produit 44,Le bla bla sur le produit 44,44,,509
categorie 7,Type 01,produit 726,Le bla bla sur le produit 726,726,,510
categorie 7,Type 01,produit 786,Le bla bla sur le produit 786,786,,511
categorie 7,Type 01,produit 857,Le bla bla sur le produit 857,857,,512
categorie 7,Type 01,produit 90,Le bla bla sur le produit 90,90,,513
categorie 7,Type 01,produit 984,Le bla bla sur le produit 984,984,,514
categorie 7,Type 02,produit 619,Le bla bla sur le produit 619,619,,525
categorie 7,Type 02,produit 67,Le bla bla sur le produit 67,67,,526
categorie 7,Type 02,produit 762,Le bla bla sur le produit 762,762,,527
categorie 7,Type 03,produit 32,Le bla bla sur le produit 32,32,,528
categorie 7,Type 03,produit 339,Le bla bla sur le produit 339,339,,529
categorie 7,Type 03,produit 439,Le bla bla sur le produit 439,439,,530
categorie 7,Type 03,produit 444,Le bla bla sur le produit 444,444,,531
categorie 7,Type 03,produit 55,Le bla bla sur le produit 55,55,,532
categorie 7,Type 03,produit 800,Le bla bla sur le produit 800,800,,533
categorie 7,Type 03,produit 900,Le bla bla sur le produit 900,900,,534
categorie 7,Type 04,produit 12,Le bla bla sur le produit 12,12,,535
categorie 7,Type 04,produit 122,Le bla bla sur le produit 122,122,,536
categorie 7,Type 04,produit 273,Le bla bla sur le produit 273,273,,537
categorie 7,Type 04,produit 356,Le bla bla sur le produit 356,356,,538
categorie 7,Type 04,produit 546,Le bla bla sur le produit 546,546,,539
categorie 7,Type 04,produit 587,Le bla bla sur le produit 587,587,,540
categorie 7,Type 04,produit 598,Le bla bla sur le produit 598,598,,541
categorie 7,Type 04,produit 657,Le bla bla sur le produit 657,657,,542
categorie 7,Type 04,produit 69,Le bla bla sur le produit 69,69,,543
categorie 7,Type 04,produit 701,Le bla bla sur le produit 701,701,,544
categorie 7,Type 04,produit 737,Le bla bla sur le produit 737,737,,545
categorie 7,Type 04,produit 870,Le bla bla sur le produit 870,870,,546
categorie 7,Type 04,produit 985,Le bla bla sur le produit 985,985,,547
categorie 7,Type 05,produit 128,Le bla bla sur le produit 128,128,,548
categorie 7,Type 05,produit 147,Le bla bla sur le produit 147,147,,549
categorie 7,Type 05,produit 154,Le bla bla sur le produit 154,154,,550
categorie 7,Type 05,produit 185,Le bla bla sur le produit 185,185,,551
categorie 7,Type 05,produit 260,Le bla bla sur le produit 260,260,,552
categorie 7,Type 05,produit 495,Le bla bla sur le produit 495,495,,553
categorie 7,Type 05,produit 523,Le bla bla sur le produit 523,523,,554
categorie 7,Type 05,produit 531,Le bla bla sur le produit 531,531,,555
categorie 7,Type 05,produit 624,Le bla bla sur le produit 624,624,,556
categorie 7,Type 05,produit 672,Le bla bla sur le produit 672,672,,557
categorie 7,Type 05,produit 681,Le bla bla sur le produit 681,681,,558
categorie 7,Type 05,produit 825,Le bla bla sur le produit 825,825,,559
categorie 7,Type 05,produit 866,Le bla bla sur le produit 866,866,,560
categorie 7,Type 05,produit 889,Le bla bla sur le produit 889,889,,561
categorie 7,Type 05,produit 920,Le bla bla sur le produit 920,920,,562
categorie 7,Type 05,produit 958,Le bla bla sur le produit 958,958,,563
categorie 7,Type 06,produit 1000,Le bla bla sur le produit 1000,1000,,564
categorie 7,Type 06,produit 134,Le bla bla sur le produit 134,134,,565
categorie 7,Type 06,produit 184,Le bla bla sur le produit 184,184,,566
categorie 7,Type 06,produit 235,Le bla bla sur le produit 235,235,,567
categorie 7,Type 06,produit 239,Le bla bla sur le produit 239,239,,568
categorie 7,Type 06,produit 293,Le bla bla sur le produit 293,293,,569
categorie 7,Type 06,produit 323,Le bla bla sur le produit 323,323,,570
categorie 7,Type 06,produit 347,Le bla bla sur le produit 347,347,,571
categorie 7,Type 06,produit 510,Le bla bla sur le produit 510,510,,572
categorie 7,Type 06,produit 54,Le bla bla sur le produit 54,54,,573
categorie 7,Type 06,produit 57,Le bla bla sur le produit 57,57,,574
categorie 7,Type 06,produit 571,Le bla bla sur le produit 571,571,,575
categorie 7,Type 06,produit 61,Le bla bla sur le produit 61,61,,576
categorie 7,Type 06,produit 661,Le bla bla sur le produit 661,661,,577
categorie 7,Type 06,produit 675,Le bla bla sur le produit 675,675,,578
categorie 7,Type 06,produit 68,Le bla bla sur le produit 68,68,,579
categorie 7,Type 06,produit 808,Le bla bla sur le produit 808,808,,580
categorie 7,Type 06,produit 826,Le bla bla sur le produit 826,826,,581
categorie 7,Type 07,produit 437,Le bla bla sur le produit 437,437,,582
categorie 7,Type 07,produit 503,Le bla bla sur le produit 503,503,,583
categorie 7,Type 07,produit 575,Le bla bla sur le produit 575,575,,584
categorie 7,Type 07,produit 635,Le bla bla sur le produit 635,635,,585
categorie 7,Type 07,produit 797,Le bla bla sur le produit 797,797,,586
categorie 7,Type 07,produit 880,Le bla bla sur le produit 880,880,,587
categorie 7,Type 07,produit 986,Le bla bla sur le produit 986,986,,588
categorie 7,Type 08,produit 203,Le bla bla sur le produit 203,203,,589
categorie 7,Type 08,produit 253,Le bla bla sur le produit 253,253,,590
categorie 7,Type 08,produit 290,Le bla bla sur le produit 290,290,,591
categorie 7,Type 08,produit 34,Le bla bla sur le produit 34,34,,592
categorie 7,Type 08,produit 350,Le bla bla sur le produit 350,350,,593
categorie 7,Type 08,produit 36,Le bla bla sur le produit 36,36,,594
categorie 7,Type 08,produit 385,Le bla bla sur le produit 385,385,,595
categorie 7,Type 08,produit 483,Le bla bla sur le produit 483,483,,596
categorie 7,Type 08,produit 555,Le bla bla sur le produit 555,555,,597
categorie 7,Type 08,produit 613,Le bla bla sur le produit 613,613,,598
categorie 7,Type 08,produit 659,Le bla bla sur le produit 659,659,,599
categorie 7,Type 08,produit 734,Le bla bla sur le produit 734,734,,600
categorie 7,Type 08,produit 77,Le bla bla sur le produit 77,77,,601
categorie 7,Type 08,produit 918,Le bla bla sur le produit 918,918,,602
categorie 7,Type 08,produit 954,Le bla bla sur le produit 954,954,,603
categorie 7,Type 08,produit 983,Le bla bla sur le produit 983,983,,604
categorie 7,Type 09,produit 159,Le bla bla sur le produit 159,159,,605
categorie 7,Type 09,produit 97,Le bla bla sur le produit 97,97,,606
categorie 8,Type 01,produit 186,Le bla bla sur le produit 186,186,,607
categorie 8,Type 01,produit 249,Le bla bla sur le produit 249,249,,608
categorie 8,Type 01,produit 312,Le bla bla sur le produit 312,312,,609
categorie 8,Type 01,produit 427,Le bla bla sur le produit 427,427,,610
categorie 8,Type 01,produit 597,Le bla bla sur le produit 597,597,,611
categorie 8,Type 01,produit 725,Le bla bla sur le produit 725,725,,612
categorie 8,Type 01,produit 784,Le bla bla sur le produit 784,784,,613
categorie 8,Type 01,produit 845,Le bla bla sur le produit 845,845,,614
categorie 8,Type 01,produit 873,Le bla bla sur le produit 873,873,,615
categorie 8,Type 01,produit 909,Le bla bla sur le produit 909,909,,616
categorie 8,Type 02,produit 190,Le bla bla sur le produit 190,190,,627
categorie 8,Type 02,produit 244,Le bla bla sur le produit 244,244,,628
categorie 8,Type 02,produit 564,Le bla bla sur le produit 564,564,,629
categorie 8,Type 02,produit 583,Le bla bla sur le produit 583,583,,630
categorie 8,Type 02,produit 773,Le bla bla sur le produit 773,773,,631
categorie 8,Type 02,produit 896,Le bla bla sur le produit 896,896,,632
categorie 8,Type 02,produit 940,Le bla bla sur le produit 940,940,,633
categorie 8,Type 03,produit 161,Le bla bla sur le produit 161,161,,634
categorie 8,Type 03,produit 171,Le bla bla sur le produit 171,171,,635
categorie 8,Type 03,produit 197,Le bla bla sur le produit 197,197,,636
categorie 8,Type 03,produit 286,Le bla bla sur le produit 286,286,,637
categorie 8,Type 03,produit 375,Le bla bla sur le produit 375,375,,638
categorie 8,Type 03,produit 436,Le bla bla sur le produit 436,436,,639
categorie 8,Type 03,produit 738,Le bla bla sur le produit 738,738,,640
categorie 8,Type 03,produit 74,Le bla bla sur le produit 74,74,,641
categorie 8,Type 03,produit 834,Le bla bla sur le produit 834,834,,642
categorie 8,Type 03,produit 843,Le bla bla sur le produit 843,843,,643
categorie 8,Type 03,produit 860,Le bla bla sur le produit 860,860,,644
categorie 8,Type 04,produit 10,Le bla bla sur le produit 10,10,,645
categorie 8,Type 04,produit 305,Le bla bla sur le produit 305,305,,646
categorie 8,Type 04,produit 314,Le bla bla sur le produit 314,314,,647
categorie 8,Type 04,produit 345,Le bla bla sur le produit 345,345,,648
categorie 8,Type 04,produit 448,Le bla bla sur le produit 448,448,,649
categorie 8,Type 04,produit 457,Le bla bla sur le produit 457,457,,650
categorie 8,Type 04,produit 522,Le bla bla sur le produit 522,522,,651
categorie 8,Type 04,produit 556,Le bla bla sur le produit 556,556,,652
categorie 8,Type 04,produit 567,Le bla bla sur le produit 567,567,,653
categorie 8,Type 04,produit 649,Le bla bla sur le produit 649,649,,654
categorie 8,Type 04,produit 764,Le bla bla sur le produit 764,764,,655
categorie 8,Type 04,produit 861,Le bla bla sur le produit 861,861,,656
categorie 8,Type 05,produit 121,Le bla bla sur le produit 121,121,,657
categorie 8,Type 05,produit 164,Le bla bla sur le produit 164,164,,658
categorie 8,Type 05,produit 257,Le bla bla sur le produit 257,257,,659
categorie 8,Type 05,produit 297,Le bla bla sur le produit 297,297,,660
categorie 8,Type 05,produit 302,Le bla bla sur le produit 302,302,,661
categorie 8,Type 05,produit 438,Le bla bla sur le produit 438,438,,662
categorie 8,Type 05,produit 473,Le bla bla sur le produit 473,473,,663
categorie 8,Type 05,produit 499,Le bla bla sur le produit 499,499,,664
categorie 8,Type 05,produit 594,Le bla bla sur le produit 594,594,,665
categorie 8,Type 05,produit 727,Le bla bla sur le produit 727,727,,666
categorie 8,Type 05,produit 730,Le bla bla sur le produit 730,730,,667
categorie 8,Type 05,produit 946,Le bla bla sur le produit 946,946,,668
categorie 8,Type 06,produit 233,Le bla bla sur le produit 233,233,,669
categorie 8,Type 06,produit 419,Le bla bla sur le produit 419,419,,670
categorie 8,Type 06,produit 539,Le bla bla sur le produit 539,539,,671
categorie 8,Type 06,produit 610,Le bla bla sur le produit 610,610,,672
categorie 8,Type 06,produit 812,Le bla bla sur le produit 812,812,,673
categorie 8,Type 06,produit 938,Le bla bla sur le produit 938,938,,674
categorie 8,Type 07,produit 316,Le bla bla sur le produit 316,316,,675
categorie 8,Type 07,produit 335,Le bla bla sur le produit 335,335,,676
categorie 8,Type 07,produit 53,Le bla bla sur le produit 53,53,,677
categorie 8,Type 07,produit 637,Le bla bla sur le produit 637,637,,678
categorie 8,Type 07,produit 678,Le bla bla sur le produit 678,678,,679
categorie 8,Type 07,produit 719,Le bla bla sur le produit 719,719,,680
categorie 8,Type 07,produit 753,Le bla bla sur le produit 753,753,,681
categorie 8,Type 07,produit 759,Le bla bla sur le produit 759,759,,682
categorie 8,Type 07,produit 933,Le bla bla sur le produit 933,933,,683
categorie 8,Type 07,produit 963,Le bla bla sur le produit 963,963,,684
categorie 8,Type 07,produit 999,Le bla bla sur le produit 999,999,,685
categorie 8,Type 08,produit 178,Le bla bla sur le produit 178,178,,686
categorie 8,Type 08,produit 238,Le bla bla sur le produit 238,238,,687
categorie 8,Type 08,produit 365,Le bla bla sur le produit 365,365,,688
categorie 8,Type 08,produit 369,Le bla bla sur le produit 369,369,,689
categorie 8,Type 08,produit 383,Le bla bla sur le produit 383,383,,690
categorie 8,Type 08,produit 5,Le bla bla sur le produit 5,5,,691
categorie 8,Type 08,produit 557,Le bla bla sur le produit 557,557,,692
categorie 8,Type 08,produit 628,Le bla bla sur le produit 628,628,,693
categorie 8,Type 08,produit 728,Le bla bla sur le produit 728,728,,694
categorie 8,Type 09,produit 176,Le bla bla sur le produit 176,176,,695
categorie 8,Type 09,produit 224,Le bla bla sur le produit 224,224,,696
categorie 8,Type 09,produit 24,Le bla bla sur le produit 24,24,,697
categorie 8,Type 09,produit 484,Le bla bla sur le produit 484,484,,698
categorie 8,Type 09,produit 492,Le bla bla sur le produit 492,492,,699
categorie 8,Type 09,produit 534,Le bla bla sur le produit 534,534,,700
categorie 8,Type 09,produit 574,Le bla bla sur le produit 574,574,,701
categorie 8,Type 09,produit 7,Le bla bla sur le produit 7,7,,702
categorie 8,Type 09,produit 838,Le bla bla sur le produit 838,838,,703
categorie 8,Type 09,produit 925,Le bla bla sur le produit 925,925,,704
categorie 9,Type 01,produit 215,Le bla bla sur le produit 215,215,,705
categorie 9,Type 01,produit 359,Le bla bla sur le produit 359,359,,706
categorie 9,Type 01,produit 682,Le bla bla sur le produit 682,682,,707
categorie 9,Type 01,produit 712,Le bla bla sur le produit 712,712,,708
categorie 9,Type 01,produit 758,Le bla bla sur le produit 758,758,,709
categorie 9,Type 01,produit 774,Le bla bla sur le produit 774,774,,710
categorie 9,Type 01,produit 782,Le bla bla sur le produit 782,782,,711
categorie 9,Type 01,produit 815,Le bla bla sur le produit 815,815,,712
categorie 9,Type 01,produit 855,Le bla bla sur le produit 855,855,,713
categorie 9,Type 01,produit 914,Le bla bla sur le produit 914,914,,714
categorie 9,Type 02,produit 11,Le bla bla sur le produit 11,11,,726
categorie 9,Type 02,produit 157,Le bla bla sur le produit 157,157,,727
categorie 9,Type 02,produit 213,Le bla bla sur le produit 213,213,,728
categorie 9,Type 02,produit 336,Le bla bla sur le produit 336,336,,729
categorie 9,Type 02,produit 515,Le bla bla sur le produit 515,515,,730
categorie 9,Type 02,produit 541,Le bla bla sur le produit 541,541,,731
categorie 9,Type 02,produit 585,Le bla bla sur le produit 585,585,,732
categorie 9,Type 02,produit 818,Le bla bla sur le produit 818,818,,733
categorie 9,Type 02,produit 82,Le bla bla sur le produit 82,82,,734
categorie 9,Type 02,produit 823,Le bla bla sur le produit 823,823,,735
categorie 9,Type 03,produit 17,Le bla bla sur le produit 17,17,,736
categorie 9,Type 03,produit 255,Le bla bla sur le produit 255,255,,737
categorie 9,Type 03,produit 491,Le bla bla sur le produit 491,491,,738
categorie 9,Type 03,produit 579,Le bla bla sur le produit 579,579,,739
categorie 9,Type 03,produit 809,Le bla bla sur le produit 809,809,,740
categorie 9,Type 03,produit 821,Le bla bla sur le produit 821,821,,741
categorie 9,Type 03,produit 884,Le bla bla sur le produit 884,884,,742
categorie 9,Type 03,produit 890,Le bla bla sur le produit 890,890,,743
categorie 9,Type 03,produit 928,Le bla bla sur le produit 928,928,,744
categorie 9,Type 03,produit 972,Le bla bla sur le produit 972,972,,745
categorie 9,Type 04,produit 123,Le bla bla sur le produit 123,123,,746
categorie 9,Type 04,produit 188,Le bla bla sur le produit 188,188,,747
categorie 9,Type 04,produit 274,Le bla bla sur le produit 274,274,,748
categorie 9,Type 04,produit 29,Le bla bla sur le produit 29,29,,749
categorie 9,Type 04,produit 558,Le bla bla sur le produit 558,558,,750
categorie 9,Type 04,produit 694,Le bla bla sur le produit 694,694,,751
categorie 9,Type 04,produit 696,Le bla bla sur le produit 696,696,,752
categorie 9,Type 04,produit 81,Le bla bla sur le produit 81,81,,753
categorie 9,Type 04,produit 833,Le bla bla sur le produit 833,833,,754
categorie 9,Type 04,produit 877,Le bla bla sur le produit 877,877,,755
categorie 9,Type 04,produit 899,Le bla bla sur le produit 899,899,,756
categorie 9,Type 05,produit 118,Le bla bla sur le produit 118,118,,757
categorie 9,Type 05,produit 138,Le bla bla sur le produit 138,138,,758
categorie 9,Type 05,produit 232,Le bla bla sur le produit 232,232,,759
categorie 9,Type 05,produit 243,Le bla bla sur le produit 243,243,,760
categorie 9,Type 05,produit 284,Le bla bla sur le produit 284,284,,761
categorie 9,Type 05,produit 301,Le bla bla sur le produit 301,301,,762
categorie 9,Type 05,produit 404,Le bla bla sur le produit 404,404,,763
categorie 9,Type 05,produit 408,Le bla bla sur le produit 408,408,,764
categorie 9,Type 05,produit 43,Le bla bla sur le produit 43,43,,765
categorie 9,Type 05,produit 433,Le bla bla sur le produit 433,433,,766
categorie 9,Type 05,produit 718,Le bla bla sur le produit 718,718,,767
categorie 9,Type 05,produit 80,Le bla bla sur le produit 80,80,,768
categorie 9,Type 05,produit 846,Le bla bla sur le produit 846,846,,769
categorie 9,Type 05,produit 995,Le bla bla sur le produit 995,995,,770
categorie 9,Type 06,produit 487,Le bla bla sur le produit 487,487,,771
categorie 9,Type 06,produit 647,Le bla bla sur le produit 647,647,,772
categorie 9,Type 06,produit 688,Le bla bla sur le produit 688,688,,773
categorie 9,Type 06,produit 751,Le bla bla sur le produit 751,751,,774
categorie 9,Type 06,produit 811,Le bla bla sur le produit 811,811,,775
categorie 9,Type 07,produit 116,Le bla bla sur le produit 116,116,,776
categorie 9,Type 07,produit 150,Le bla bla sur le produit 150,150,,777
categorie 9,Type 07,produit 152,Le bla bla sur le produit 152,152,,778
categorie 9,Type 07,produit 325,Le bla bla sur le produit 325,325,,779
categorie 9,Type 07,produit 395,Le bla bla sur le produit 395,395,,780
categorie 9,Type 07,produit 50,Le bla bla sur le produit 50,50,,781
categorie 9,Type 07,produit 756,Le bla bla sur le produit 756,756,,782
categorie 9,Type 07,produit 856,Le bla bla sur le produit 856,856,,783
categorie 9,Type 08,produit 281,Le bla bla sur le produit 281,281,,784
categorie 9,Type 08,produit 4,Le bla bla sur le produit 4,4,,785
categorie 9,Type 08,produit 443,Le bla bla sur le produit 443,443,,786
categorie 9,Type 08,produit 476,Le bla bla sur le produit 476,476,,787
categorie 9,Type 08,produit 500,Le bla bla sur le produit 500,500,,788
categorie 9,Type 08,produit 614,Le bla bla sur le produit 614,614,,789
categorie 9,Type 08,produit 685,Le bla bla sur le produit 685,685,,790
categorie 9,Type 08,produit 807,Le bla bla sur le produit 807,807,,791
categorie 9,Type 08,produit 842,Le bla bla sur le produit 842,842,,792
categorie 9,Type 08,produit 885,Le bla bla sur le produit 885,885,,793
categorie 9,Type 09,produit 169,Le bla bla sur le produit 169,169,,794
categorie 9,Type 09,produit 362,Le bla bla sur le produit 362,362,,795
categorie 9,Type 09,produit 430,Le bla bla sur le produit 430,430,,796
categorie 9,Type 09,produit 580,Le bla bla sur le produit 580,580,,797
categorie 9,Type 09,produit 599,Le bla bla sur le produit 599,599,,798
categorie 9,Type 09,produit 716,Le bla bla sur le produit 716,716,,799
categorie 9,Type 09,produit 76,Le bla bla sur le produit 76,76,,800
categorie 9,Type 09,produit 847,Le bla bla sur le produit 847,847,,801
categorie 9,Type 09,produit 906,Le bla bla sur le produit 906,906,,802
categorie 9,Type 09,produit 915,Le bla bla sur le produit 915,915,,803
